Job ID;Internal ID;Task ID;Project ID;Source;Target;Created;Created by;Job due date;Project due date;File;Extension;Workflow;Workflow level;Job status;Job status changed;Project status;Project status changed;Linguist;Vendor;Wordcount;Currency;Rate;Price;Owner;Client;Domain;Subdomain;Cost Center
24693285;1;OLllDAmgob4uatzl_dc2;700945;en;de;2.11.2015 11:35;VasekB;;7.11.2015 9:00;charter - english-import.docx;docx;Translation;1;EMAILED;;NEW;;Vasek_translator;;543;EUR;0.05;27.15;VasekB;;;;
24693286;2;4PllDAmgobkuatzl_dc2;700945;en;de;2.11.2015 11:35;VasekB;;7.11.2015 9:00;charter - english-version2.docx;docx;Translation;1;EMAILED;;NEW;;Vasek_translator;;125;EUR;0.05;VI.25;VasekB;;;;
24703488;1;I3I0D2AoIbD8BW6H0_dc2;700996;en;de;2.11.2015 12:09;VasekB;;19.11.2015 4:00;charter - english-import.docx;docx;Translation;1;EMAILED;;NEW;;Vasek_translator;;543;EUR;0.05;27.15;VasekB;;;;
24703489;2;K3I0D2AoIbD8BW6H0_dc2;700996;en;de;2.11.2015 12:09;VasekB;;19.11.2015 4:00;charter - english-version2.docx;docx;Translation;1;EMAILED;;NEW;;Vasek_translator;;125;EUR;0.05;VI.25;VasekB;;;;
24724622;1;Z3g3j1AoIbDI5Y6H0_dc2;701358;en;de;2.11.2015 15:35;VasekB;;;charter - english-import.docx;docx;Translation;1;EMAILED;;NEW;;Vasek_translator;;543;EUR;0.05;27.15;VasekB;;;;
24724623;2;Y3g3j1AoIbDI5Y6H0_dc2;701358;en;de;2.11.2015 15:35;VasekB;;;charter - english-version2.docx;docx;Translation;1;EMAILED;;NEW;;Vasek_translator;;125;EUR;0.05;VI.25;VasekB;;;;
24817953;1;lbvADAmgobQMLxzl_dc2;702253;en;de;3.11.2015 8:26;VasekB;;;charter - english-import.docx;docx;Translation;1;EMAILED;;NEW;;Vasek_translator;;543;EUR;0.05;27.15;VasekB;;;;
24817954;2;pbEdj1AoIbDxv37H0_dc2;702253;en;de;3.11.2015 8:26;VasekB;;;charter - english-version2.docx;docx;Translation;1;EMAILED;;NEW;;Vasek_translator;;125;EUR;0.05;VI.25;VasekB;;;;
24818039;1;fRqASqidcKiCMxzl_dc2;702257;en;de;3.11.2015 8:30;VasekB;;;charter - english-import.docx;docx;Translation;1;NEW;;NEW;;Vasek_translator;;543;EUR;0.05;27.15;VasekB;;;;
24818040;2;iRqASqidcKiCMxzl_dc2;702257;en;de;3.11.2015 8:30;VasekB;;;charter - english-version2.docx;docx;Translation;1;NEW;;NEW;;Vasek_translator;;125;EUR;0.05;VI.25;VasekB;;;;
24951417;1;sz4wj1AoIb75D77H0_dc2;703215;en;de;3.11.2015 17:48;VasekB;;;charter - english-version2.docx;docx;Translation;1;EMAILED;;NEW;;Vasek_translator;;125;EUR;0.05;VI.25;VasekB;;;;
24951418;2;Oz4wj1AoIbD5D77H0_dc2;703215;en;de;3.11.2015 17:48;VasekB;;;charter - english-import.docx;docx;Translation;1;EMAILED;;NEW;;Vasek_translator;;543;EUR;0.05;27.15;VasekB;;;;
25050814;1;Zx8EaBgdcKieeLzl_dc2;706541;en;de;5.11.2015 21:46;VasekB;;;charter - english-import.docx;docx;Translation;1;NEW;;NEW;;Vasek_translator;;543;EUR;0.05;27.15;VasekB;;;;
25050860;2;L5HC0sxoIb7tsu7H0_dc2;706541;en;de;5.11.2015 21:46;VasekB;;;charter - english-version2.docx;docx;Translation;1;NEW;;NEW;;Vasek_translator;;125;EUR;0.05;VI.25;VasekB;;;;
25057790;5.I;RMrEaBgdcK2emLzl_dc2;701320;en;de;5.11.2015 22:21;VasekB;;;charter - english-import.docx;docx;Translation;1;ASSIGNED;;NEW;;Vasek_translator;;199;EUR;0.05;IX.95;VasekB;;;;
25171860;1;4hZP0sxoIbD5EB7H0_dc2;707731;en;de;6.11.2015 14:07;VasekB;;12.11.2015 1:00;charter - english-import.docx;docx;Translation;1;EMAILED;;NEW;;Vasek_translator;;543;EUR;0.05;27.15;VasekB;;;;
25171861;2;CbwelLggobQ2QOzl_dc2;707731;en;de;6.11.2015 14:07;VasekB;;12.11.2015 1:00;charter - english-version2.docx;docx;Translation;1;EMAILED;;NEW;;Vasek_translator;;125;EUR;0.05;VI.25;VasekB;;;;
25171862;3;5cwelLggob43QOzl_dc2;707731;en;de;6.11.2015 14:07;VasekB;;12.11.2015 1:00;charter - english-formatting.docx;docx;Translation;1;EMAILED;;NEW;;Vasek_translator;;539;EUR;0.05;26.95;VasekB;;;;
25198941;1;fLPqlLggob4HkQzl_dc2;708224;en;de;6.11.2015 20:59;VasekB;;;charter - english-import.docx;docx;Translation;1;NEW;;NEW;;Vasek_translator;;543;EUR;0.05;27.15;VasekB;;;;
25393055;1;GLGQlLggobQBjUzl_dc2;708783;en;de;7.11.2015 15:07;VasekB;;;charter - english-import.docx;docx;Translation;1;NEW;;NEW;;Vasek_translator;;543;EUR;0.05;27.15;VasekB;;;;
25393060;3;OxHQlLggobkCjUzl_dc2;708783;en;de;7.11.2015 15:07;VasekB;;;charter - english-version2.docx;docx;Translation;1;NEW;;NEW;;Vasek_translator;;125;EUR;0.05;VI.25;VasekB;;;;
25725211;1;R0wk1U2NoneW4Qgm1_dc2;714812;en;de;11.11.2015 13:23;VasekB;;14.11.2015 5:00;charter - english-import.docx;docx;Translation;1;EMAILED;;NEW;;Vasek_translator;;543;EUR;0.05;27.15;VasekB;;;;
25725213;3;vB50GuxwMm8u2q8H0_dc2;714812;en;de;11.11.2015 13:23;VasekB;;14.11.2015 5:00;charter - english-version2.docx;docx;Translation;1;EMAILED;;NEW;;Vasek_translator;;125;EUR;0.05;VI.25;VasekB;;;;
25166328;5;hduclLggobQ4MOzl_dc2;703192;en;fr;6.11.2015 13:50;VasekB;;;charter - english-import.docx;docx;Translation;1;ASSIGNED;;NEW;;Vasek_translator;;543;EUR;0;0;VasekB;;;;
25892831;1;nBX6ZajdcK2xdCAl_dc2;720850;en;de;16.11.2015 8:02;VasekB;;;charter - english-import.docx;docx;Translation;1;EMAILED;;NEW;;Vasek_translator;;543;EUR;0.05;27.15;VasekB;;;;
25892833;3;sBX6ZajdcK2xdCAl_dc2;720850;en;de;16.11.2015 8:02;VasekB;;;charter - english-source.docx;docx;Translation;1;EMAILED;;NEW;;Vasek_translator;;125;EUR;0.05;VI.25;VasekB;;;;
26044274;9;2i6gg7ngob4Y1B9H0_dc2;703192;en;ru;18.11.2015 18:14;VasekB;;;Book1.xlsx;xlsx;Translation;1;EMAILED;;NEW;;Vasek_translator;;10;EUR;0;0;VasekB;;;;
26057708;1;Sbo72khcSBjppTAl_dc2;727606;en;de;19.11.2015 14:15;VasekB;;;index.html;html;Translation;1;ASSIGNED;;NEW;;Vasek_translator;;528;EUR;0.05;26.IV;VasekB;;;;
26057710;3;wb4rg7ngobkppTAl_dc2;727606;en;de;19.11.2015 14:15;VasekB;;;charter - english-import.docx;docx;Translation;1;EMAILED;;NEW;;Vasek_translator;;543;EUR;0.05;27.15;VasekB;;;;
26058539;5;8WW72khcSBPMxTAl_dc2;727606;en;de;19.11.2015 14:50;VasekB;;;text.docx;docx;Translation;1;EMAILED;;NEW;;Vasek_translator;;11;EUR;0.05;0.55;VasekB;;;;
26083569;1;DcGB2khcSBP30T9H0_dc2;729066;en;de;20.11.2015 11:03;VasekB;;;charter - english-source.docx;docx;Translation;1;EMAILED;;NEW;;Vasek_translator;;125;EUR;0.05;VI.25;VasekB;;;;
26236657;1;8OwVZajdcK2RWdBl_dc2;733496;en;de;23.11.2015 20:45;VasekB;;;charter - english-source.docx;docx;Translation;1;EMAILED;;NEW;;Vasek_translator;;125;EUR;0.05;VI.25;VasekB;;;;
26236696;2;XmzVZajdcKy9ZdBl_dc2;733496;en;de;23.11.2015 20:55;VasekB;;;Book1.xlsx;xlsx;Translation;1;EMAILED;;NEW;;Vasek_translator;;9;EUR;0.05;0.45;VasekB;;;;
26253668;2.I;9CykzHmgobQePhBl_dc2;734854;en;de;24.11.2015 14:25;VasekB;;;charter - english-source.docx;docx;Translation;1;COMPLETED_BY_LINGUIST;;NEW;;Vasek_translator;;62;EUR;0.05;3.I;VasekB;ABC client;Automotive;Technical Writing;
26253669;2.II;9CykzHmgobQePhBl_dc2;734854;en;de;24.11.2015 14:25;VasekB;;;charter - english-source.docx;docx;Translation;1;EMAILED;;NEW;;Vasek_translator;;63;EUR;0.05;III.15;VasekB;ABC client;Automotive;Technical Writing;
26340695;1;OgJwzHmgobkbClBl_dc2;736235;en;de;25.11.2015 7:41;VasekB;;;charter - english-import.docx;docx;Translation;1;ASSIGNED;;NEW;;Vasek_translator;;543;EUR;0.05;27.15;VasekB;;;;
26340853;1;5Cmb5DgdcK2sHlBl_dc2;736269;en;de;25.11.2015 8:03;VasekB;;28.11.2015 9:00;charter - english-formatting.docx;docx;Translation;1;EMAILED;;NEW;;Vasek_translator;;539;EUR;0.05;26.95;VasekB;;;;
26340856;4;3Cmb5DgdcK2sHlBl_dc2;736269;en;de;25.11.2015 8:03;VasekB;;28.11.2015 9:00;charter - english-source.docx;docx;Translation;1;EMAILED;;NEW;;Vasek_translator;;125;EUR;0.05;VI.25;VasekB;;;;
26340859;7;ODmb5DgdcKisHlBl_dc2;736269;en;de;25.11.2015 8:03;VasekB;;28.11.2015 9:00;index.html;html;Translation;1;EMAILED;;NEW;;Vasek_translator;;528;EUR;0.05;26.IV;VasekB;;;;
26340862;10;CFmb5DgdcKisHlBl_dc2;736269;en;de;25.11.2015 8:03;VasekB;;28.11.2015 9:00;charter - english-import.docx;docx;Translation;1;EMAILED;;NEW;;Vasek_translator;;543;EUR;0.05;27.15;VasekB;;;;
26343072;1;1LJoaexqosBqRHaH0_dc2;736452;en;de;25.11.2015 9:09;VasekB;;;charter - english-import.docx;docx;Translation;1;EMAILED;;NEW;;Vasek_translator;;543;EUR;0.05;27.15;VasekB;;;;
26343074;3;coUxzHmgobALWlBl_dc2;736452;en;de;25.11.2015 9:09;VasekB;;;charter - english-source.docx;docx;Translation;1;EMAILED;;NEW;;Vasek_translator;;125;EUR;0.05;VI.25;VasekB;;;;
26355185;1;YOZi5DgdcKiUmnBl_dc2;737217;en;de;25.11.2015 15:42;VasekB;;;charter - english-import.docx;docx;Translation;1;ASSIGNED;;NEW;;Vasek_translator;;543;EUR;0.05;27.15;VasekB;;;;
26378888;1;wuAbcimcSBPnJnBl_dc2;737352;en;de;25.11.2015 17:18;VasekB;;;charter - english-import.docx;docx;Translation;1;EMAILED;;NEW;;Vasek_translator;;543;EUR;0.05;27.15;VasekB;;;;
26378890;3;u1dj7nJwMmELqLaH0_dc2;737352;en;de;25.11.2015 17:18;VasekB;;;charter - english-source.docx;docx;Translation;1;EMAILED;;NEW;;Vasek_translator;;125;EUR;0.05;VI.25;VasekB;;;;
26406540;1;wFcecimcSBzJkoBl_dc2;737551;en;de;25.11.2015 20:06;VasekB;;;charter - english-import.docx;docx;Translation;1;EMAILED;;NEW;;Vasek_translator;;543;EUR;0.05;27.15;VasekB;;;;
26406541;2;6uXs5DgdcKyJkoBl_dc2;737551;en;de;25.11.2015 20:06;VasekB;;;charter - english-source.docx;docx;Translation;1;ASSIGNED;;NEW;;Vasek_translator;;125;EUR;0.05;VI.25;VasekB;;;;
26467913;1;XrLlcimcSBPxlrBl_dc2;738488;en;de;26.11.2015 9:48;VasekB;;;charter - english-formatting.docx;docx;Translation;1;EMAILED;;NEW;;Vasek_translator;;539;EUR;0.05;26.95;VasekB;;;;
26467915;3;4sLlcimcSBPxlrBl_dc2;738488;en;de;26.11.2015 9:48;VasekB;;;charter - english-import.docx;docx;Translation;1;EMAILED;;NEW;;Vasek_translator;;543;EUR;0.05;27.15;VasekB;;;;
26467917;5;1UuHoAIoIbD3HSaH0_dc2;738488;en;de;26.11.2015 9:48;VasekB;;;charter - english-source.docx;docx;Translation;1;EMAILED;;NEW;;Vasek_translator;;125;EUR;0.05;VI.25;VasekB;;;;
26486325;1;IFWC5DgdcK2uTrBl_dc2;738846;en;de;26.11.2015 12:13;VasekB;;;Pasted text.txt;txt;Translation;1;EMAILED;;NEW;;Vasek_translator;;1;EUR;0.05;0.05;VasekB;;;;
26539836;2;TuxycimcSBjEQsBl_dc2;739547;en;ru;26.11.2015 16:34;VasekB;;;charter - english-import.docx;docx;Translation;1;ASSIGNED;;NEW;;Vasek_translator;;543;EUR;0;0;VasekB;;;;
26595366;1;fMegzHmgobkIqxBl_dc2;741353;en;es;27.11.2015 13:29;VasekB;;;charter - english-import.docx;docx;Translation;1;COMPLETED_BY_LINGUIST;;NEW;;Vasek_translator;;543;EUR;0.05;27.15;VasekB;;;;
26597284;1;di91bexqos5o33bH0_dc2;741414;en;de;27.11.2015 13:59;VasekB;;;charter - english-source.docx;docx;Translation;1;EMAILED;;NEW;;Vasek_translator;;125;EUR;0.05;VI.25;VasekB;;;;
26674257;1;Aa1K4pCwMm8F0nnm1_dc2;747706;en;de;1.12.2015 11:06;VasekB;;;charter - english-source.docx;docx;Translation;1;EMAILED;;NEW;;Vasek_translator;;125;EUR;0.05;VI.25;VasekB;;;;
26674259;3;Ka1K4pCwMm8F0nnm1_dc2;747706;en;de;1.12.2015 11:06;VasekB;;;charter - spanish.docx;docx;Translation;1;EMAILED;;NEW;;Vasek_translator;;562;EUR;0.05;28.I;VasekB;;;;
26674261;5;Ga1K4pCwMm8F0nnm1_dc2;747706;en;de;1.12.2015 11:06;VasekB;;;EC21_A5_DE_130117.docx;docx;Translation;1;EMAILED;;NEW;;Vasek_translator;;141;EUR;0.05;7.V;VasekB;;;;
26674263;7;qe1K4pCwMm8G0nnm1_dc2;747706;en;de;1.12.2015 11:06;VasekB;;;index.html;html;Translation;1;EMAILED;;NEW;;Vasek_translator;;528;EUR;0.05;26.IV;VasekB;;;;
26676161;1;XtMnO7hcSB3lvSBl_dc2;747937;en;de;1.12.2015 13:23;VasekB;;;index.html;html;Translation;1;EMAILED;;NEW;;Vasek_translator;;528;EUR;0.05;26.IV;VasekB;;;;
26676163;3;1YwLAfyoIbDG0pnm1_dc2;747937;en;de;1.12.2015 13:23;VasekB;;;charter - english-import.docx;docx;Translation;1;EMAILED;;NEW;;Vasek_translator;;543;EUR;0.05;27.15;VasekB;;;;
26718469;1;OqnEycjgob4thXBl_dc2;749981;en;de;2.12.2015 11:09;VasekB;;8.12.2015 5:00;charter - english-import.docx;docx;Translation;1;EMAILED;;NEW;;Vasek_translator;;543;EUR;0.05;27.15;VasekB;;;;
26718470;2;RqnEycjgob4thXBl_dc2;749981;en;de;2.12.2015 11:09;VasekB;;8.12.2015 5:00;charter - english-source.docx;docx;Translation;1;EMAILED;;NEW;;Vasek_translator;;125;EUR;0.05;VI.25;VasekB;;;;
26729265;1;85QmTUlgobQHpYBl_dc2;750535;en;de;2.12.2015 16:17;VasekB;14.12.2015 23:00;31.12.2015 8:00;charter - english-source.docx;docx;Translation;1;ASSIGNED;;NEW;;Vasek_translator;;125;EUR;0.05;VI.25;VasekB;ABC client;Automotive;Technical Writing;
26729269;3;M5QmTUlgobAIpYBl_dc2;750535;en;de;2.12.2015 16:17;VasekB;14.12.2015 23:00;31.12.2015 8:00;index.html;html;Translation;1;EMAILED;;NEW;;Vasek_translator;;528;EUR;0.05;26.IV;VasekB;ABC client;Automotive;Technical Writing;
26730078;1;Xb1ayDxwMmEn6VbH0_dc2;750605;en;de;2.12.2015 16:58;VasekB;;5.12.2015 5:00;Pasted text.txt;txt;Translation;1;EMAILED;;NEW;;Vasek_translator;;9;EUR;0.05;0.45;VasekB;;;;
26730080;3;RBWgIyjcSBPezYBl_dc2;750605;en;de;2.12.2015 16:58;VasekB;;5.12.2015 5:00;charter - english-formatting.docx;docx;Translation;1;EMAILED;;NEW;;Vasek_translator;;539;EUR;0.05;26.95;VasekB;;;;
26743521;1;464pIyjcSB38N1bH0_dc2;751556;en;de;3.12.2015 7:37;VasekB;;7.12.2015 11:00;DA3_2.xml;xml;Translation;1;NEW;;NEW;;Vasek_translator;;582;EUR;0.05;29.I;VasekB;;;;
26745703;1;bwBqc0Hqos5HL0om1_dc2;751972;en;de;3.12.2015 10:22;VasekB;;12.12.2015 4:00;charter - english-import.docx;docx;Translation;1;EMAILED;;NEW;;Vasek_translator;;543;EUR;0.05;27.15;VasekB;;;;
26745705;3;lwBqc0Hqos5HL0om1_dc2;751972;en;de;3.12.2015 10:22;VasekB;;12.12.2015 4:00;charter - english-source.docx;docx;Translation;1;EMAILED;;NEW;;Vasek_translator;;125;EUR;0.05;VI.25;VasekB;;;;
26745707;5;hwBqc0Hqos5HL0om1_dc2;751972;en;de;3.12.2015 10:22;VasekB;;12.12.2015 4:00;charter - english-formatting.docx;docx;Translation;1;EMAILED;;NEW;;Vasek_translator;;539;EUR;0.05;26.95;VasekB;;;;
26760559;1;5BDxc0HqosBxu3cH0_dc2;752910;en;de;3.12.2015 16:35;VasekB;;;charter - english-formatting.docx;docx;Translation;1;EMAILED;;NEW;;Vasek_translator;;539;EUR;0.05;26.95;VasekB;;;;
26760561;3;bBDxc0HqosBxu3cH0_dc2;752910;en;de;3.12.2015 16:35;VasekB;;;charter - english-import.docx;docx;Translation;1;EMAILED;;NEW;;Vasek_translator;;543;EUR;0.05;27.15;VasekB;;;;
26760563;5;hBDxc0HqosBxu3cH0_dc2;752910;en;de;3.12.2015 16:35;VasekB;;;charter - english-source.docx;docx;Translation;1;EMAILED;;NEW;;Vasek_translator;;125;EUR;0.05;VI.25;VasekB;;;;
26918501;1;kEGZVUicSBzoorCl_dc2;760150;en;de;8.12.2015 13:17;VasekB;;;charter - english-source.docx;docx;Translation;1;EMAILED;;NEW;;Vasek_translator;;125;EUR;0.05;VI.25;VasekB;;;;
26965658;1;GdigVUicSB3bAvCl_dc2;761639;en;de;9.12.2015 8:19;VasekB;;16.12.2015 5:00;charter - english-formatting.docx;docx;Translation;1;EMAILED;;NEW;;Vasek_translator;;539;EUR;0.05;26.95;VasekB;;;;
26965660;3;6gigVUicSBPbAvCl_dc2;761639;en;de;9.12.2015 8:19;VasekB;;16.12.2015 5:00;charter - english-import.docx;docx;Translation;1;EMAILED;;NEW;;Vasek_translator;;543;EUR;0.05;27.15;VasekB;;;;
26965662;5;1CAwONBoIbDo81pm1_dc2;761639;en;de;9.12.2015 8:19;VasekB;;16.12.2015 5:00;charter - english-source.docx;docx;Translation;1;EMAILED;;NEW;;Vasek_translator;;125;EUR;0.05;VI.25;VasekB;;;;
26984368;1;5uLjVUicSB3R6wCl_dc2;761965;en;de;9.12.2015 10:47;VasekB;;17.12.2015 2:00;index.html;html;Translation;1;EMAILED;;NEW;;Vasek_translator;;528;EUR;0.05;26.IV;VasekB;;;;
27015744;1;Dm97UwjdcKyPNDCl_dc2;764961;en;de;10.12.2015 21:42;VasekB;;;Pasted text.txt;txt;Translation;1;NEW;;NEW;;Vasek_translator;;1;EUR;0.05;0.05;VasekB;;;;
27162988;1;ma2vefigobQJ0ZdH0_dc2;771555;en;de;15.12.2015 7:18;VasekB;;24.12.2015 9:00;charter - english-formatting.docx;docx;Translation;1;EMAILED;;NEW;;Vasek_translator;;539;EUR;0.05;26.95;VasekB;;;;
27162990;3;la2vefigobQJ0ZdH0_dc2;771555;en;de;15.12.2015 7:18;VasekB;;24.12.2015 9:00;charter - english-import.docx;docx;Translation;1;EMAILED;;NEW;;Vasek_translator;;543;EUR;0.05;27.15;VasekB;;;;
27162992;5;RSMEVUicSBPJ0ZdH0_dc2;771555;en;de;15.12.2015 7:18;VasekB;;24.12.2015 9:00;charter - english-source.docx;docx;Translation;1;COMPLETED_BY_LINGUIST;;NEW;;Vasek_translator;;125;EUR;0.05;VI.25;VasekB;;;;
27164402;1;jLwFVUicSBzgl1dH0_dc2;771732;en;de;15.12.2015 8:54;VasekB;;23.12.2015 6:00;Pasted text.txt;txt;Translation;1;COMPLETED_BY_LINGUIST;;NEW;;Vasek_translator;;7;EUR;0.05;0.35;VasekB;;;;
27164405;3;QBdwefigobkjl1dH0_dc2;771732;en;de;15.12.2015 8:54;VasekB;;23.12.2015 6:00;charter - english-import.docx;docx;Translation;1;ASSIGNED;;NEW;;Vasek_translator;;543;EUR;0.05;27.15;VasekB;;;;
27164407;5;WBdwefigobkjl1dH0_dc2;771732;en;de;15.12.2015 8:54;VasekB;;23.12.2015 6:00;charter - english-source.docx;docx;Translation;1;ASSIGNED;;NEW;;Vasek_translator;;125;EUR;0.05;VI.25;VasekB;;;;
27320872;7;j9Z6c0FoIbDYRZeH0_dc2;761903;en;da;21.12.2015 8:40;VasekB;;;charter - english-import.docx;docx;Translation;1;ASSIGNED;;NEW;;Vasek_translator;;543;EUR;0;0;VasekB;ABC client;IT;;
27320878;10;s9Z6c0FoIbDYRZeH0_dc2;761903;en;da;21.12.2015 8:40;VasekB;;;charter - english-source.docx;docx;Translation;1;ASSIGNED;;NEW;;Vasek_translator;;125;EUR;0;0;VasekB;ABC client;IT;;
27321174;1;CPFkU9jdcK2f1ZeH0_dc2;783479;en;de;21.12.2015 8:58;VasekB;;31.12.2015 8:00;charter - english-import.docx;docx;Translation;1;EMAILED;;NEW;;Vasek_translator;;543;EUR;0.05;27.15;VasekB;;;;
27321176;3;IPFkU9jdcK2f1ZeH0_dc2;783479;en;de;21.12.2015 8:58;VasekB;;31.12.2015 8:00;charter - english-formatting.docx;docx;Translation;1;EMAILED;;NEW;;Vasek_translator;;262;EUR;0.05;13.I;VasekB;;;;
27321178;5;G1weoYFoIbDu0Xtm1_dc2;783479;en;de;21.12.2015 8:58;VasekB;;31.12.2015 8:00;charter - english-source.docx;docx;Translation;1;EMAILED;;NEW;;Vasek_translator;;125;EUR;0.05;VI.25;VasekB;;;;
27325799;1;Sojac0FoIbD1oZtm1_dc2;783719;en;de;21.12.2015 10:35;VasekB;;31.12.2015 5:00;charter - english-import.docx;docx;Translation;1;EMAILED;;NEW;;Vasek_translator;;543;EUR;0.05;27.15;VasekB;;;;
27325801;3;Yojac0FoIbD1oZtm1_dc2;783719;en;de;21.12.2015 10:35;VasekB;;31.12.2015 5:00;charter - english-source.docx;docx;Translation;1;EMAILED;;NEW;;Vasek_translator;;125;EUR;0.05;VI.25;VasekB;;;;
27325983;13;RtbSOwlgobQ1N0tm1_dc2;761903;en;da;21.12.2015 10:48;VasekB;;;charter - czech.docx;docx;Translation;1;ASSIGNED;;NEW;;Vasek_translator;;257;EUR;0;0;VasekB;ABC client;IT;;
27325985;14;StbSOwlgobQ1N0tm1_dc2;761903;en;da;21.12.2015 10:48;VasekB;;;charter - english.docx;docx;Translation;1;ASSIGNED;;NEW;;Vasek_translator;;544;EUR;0;0;VasekB;ABC client;IT;;
27325987;15;XtbSOwlgobQ1N0tm1_dc2;761903;en;da;21.12.2015 10:48;VasekB;;;charter - english-formatting.docx;docx;Translation;1;ASSIGNED;;NEW;;Vasek_translator;;262;EUR;0;0;VasekB;ABC client;IT;;
27325989;16;02nIB1m12rx28XXI2_dc2;761903;en;da;21.12.2015 10:48;VasekB;;;charter - english-import.docx;docx;Translation;1;ASSIGNED;;NEW;;Vasek_translator;;543;EUR;0;0;VasekB;ABC client;IT;;
27325991;17;pybSOwlgobk0O0tm1_dc2;761903;en;da;21.12.2015 10:48;VasekB;;;charter - english-source.docx;docx;Translation;1;ASSIGNED;;NEW;;Vasek_translator;;125;EUR;0;0;VasekB;ABC client;IT;;
27325993;18;oybSOwlgobk0O0tm1_dc2;761903;en;da;21.12.2015 10:48;VasekB;;;charter - spanish.docx;docx;Translation;1;ASSIGNED;;NEW;;Vasek_translator;;562;EUR;0;0;VasekB;ABC client;IT;;
27325995;19;TzbSOwlgobA0O0tm1_dc2;761903;en;da;21.12.2015 10:48;VasekB;;;Context Demo File.xlsx;xlsx;Translation;1;ASSIGNED;;NEW;;Vasek_translator;;40;EUR;0;0;VasekB;ABC client;IT;;
27325997;20;vBbSOwlgobQ0O0tm1_dc2;761903;en;da;21.12.2015 10:48;VasekB;;;EC21_A5_DE_130117.docx;docx;Translation;1;ASSIGNED;;NEW;;Vasek_translator;;141;EUR;0;0;VasekB;ABC client;IT;;
27325999;21;EBbSOwlgobQ0O0tm1_dc2;761903;en;da;21.12.2015 10:48;VasekB;;;index.html;html;Translation;1;ASSIGNED;;NEW;;Vasek_translator;;528;EUR;0;0;VasekB;ABC client;IT;;
27407704;1;9iitNshgobAc2LDl_dc2;788779;en;de;24.12.2015 10:00;VasekB;;31.12.2015 9:00;charter - english-formatting.docx;docx;Translation;1;EMAILED;;NEW;;Vasek_translator;;262;EUR;0.05;13.I;VasekB;;;;
27407706;3;aiitNshgobAc2LDl_dc2;788779;en;de;24.12.2015 10:00;VasekB;;31.12.2015 9:00;charter - english-import.docx;docx;Translation;1;EMAILED;;NEW;;Vasek_translator;;543;EUR;0.05;27.15;VasekB;;;;
27407708;5;biitNshgobAc2LDl_dc2;788779;en;de;24.12.2015 10:00;VasekB;;31.12.2015 9:00;charter - english-shortened.docx;docx;Translation;1;EMAILED;;NEW;;Vasek_translator;;104;EUR;0.05;5.II;VasekB;;;;
27407710;7;rnitNshgob4d2LDl_dc2;788779;en;de;24.12.2015 10:00;VasekB;;31.12.2015 9:00;charter - english-source.docx;docx;Translation;1;EMAILED;;NEW;;Vasek_translator;;125;EUR;0.05;VI.25;VasekB;;;;
27446877;1;kW0lx0tRMUab1v0q5_dc2;792007;en;de;28.12.2015 9:24;VasekB;;31.12.2015 9:00;charter - english-shortened.docx;docx;Translation;1;EMAILED;;NEW;;Vasek_translator;;104;EUR;0.05;5.II;VasekB;;;;
27446879;3;DX0lx0tRMUad1v0q5_dc2;792007;en;de;28.12.2015 9:24;VasekB;;31.12.2015 9:00;charter - english-import.docx;docx;Translation;1;EMAILED;;NEW;;Vasek_translator;;543;EUR;0.05;27.15;VasekB;;;;
27446881;5;g0Zlx0tRMUae1v0q5_dc2;792007;en;de;28.12.2015 9:24;VasekB;;31.12.2015 9:00;charter - english-source.docx;docx;Translation;1;EMAILED;;NEW;;Vasek_translator;;125;EUR;0.05;VI.25;VasekB;;;;
27449620;1;59UONshgobkHc5El_dc2;792409;en;de;28.12.2015 14:52;VasekB;;31.12.2015 9:00;charter - english-import.docx;docx;Translation;1;EMAILED;;NEW;;Vasek_translator;;543;EUR;0.05;27.15;VasekB;;;;
27449621;2;89UONshgobkHc5El_dc2;792409;en;de;28.12.2015 14:52;VasekB;;31.12.2015 9:00;charter - english-shortened.docx;docx;Translation;1;EMAILED;;NEW;;Vasek_translator;;104;EUR;0.05;5.II;VasekB;;;;
27449622;3;99UONshgobkHc5El_dc2;792409;en;de;28.12.2015 14:52;VasekB;;31.12.2015 9:00;charter - english-source.docx;docx;Translation;1;EMAILED;;NEW;;Vasek_translator;;125;EUR;0.05;VI.25;VasekB;;;;
27542945;3;1yQxw0tRMUaz9Bym1_dc2;798844;en;de;4.1.2016 11:07;VasekB;30.1.2016 23:00;;charter - english.docx;docx;Translation;1;ASSIGNED;;NEW;;Vasek_translator;;544;EUR;0.05;27.II;VasekB;;;;
27542946;4;5hWggvndcKOoiFEl_dc2;798844;en;de;4.1.2016 11:07;VasekB;30.1.2016 23:00;;charter - english-formatting.docx;docx;Translation;1;EMAILED;;NEW;;Vasek_translator;;262;EUR;0.05;13.I;VasekB;;;;
27542947;5;4hWggvndcKOoiFEl_dc2;798844;en;de;4.1.2016 11:07;VasekB;30.1.2016 23:00;;charter - english-import.docx;docx;Translation;1;EMAILED;;NEW;;Vasek_translator;;543;EUR;0.05;27.15;VasekB;;;;
27542948;6;chWggvndcKOoiFEl_dc2;798844;en;de;4.1.2016 11:07;VasekB;30.1.2016 23:00;;charter - english-shortened.docx;docx;Translation;1;EMAILED;;NEW;;Vasek_translator;;104;EUR;0.05;5.II;VasekB;;;;
27542949;7;bhWggvndcKOoiFEl_dc2;798844;en;de;4.1.2016 11:07;VasekB;30.1.2016 23:00;;charter - english-source.docx;docx;Translation;1;EMAILED;;NEW;;Vasek_translator;;125;EUR;0.05;VI.25;VasekB;;;;
27542950;8;AlWggvndcKipiFEl_dc2;798844;en;de;4.1.2016 11:07;VasekB;30.1.2016 23:00;;charter - spanish.docx;docx;Translation;1;EMAILED;;NEW;;Vasek_translator;;562;EUR;0.05;28.I;VasekB;;;;
27542951;9;ClWggvndcKipiFEl_dc2;798844;en;de;4.1.2016 11:07;VasekB;30.1.2016 23:00;;Context Demo File.xlsx;xlsx;Translation;1;EMAILED;;NEW;;Vasek_translator;;40;EUR;0.05;2;VasekB;;;;
27542986;1;0312ZUkNonegeBym1_dc2;798911;en;de;4.1.2016 11:12;VasekB;;30.1.2016 9:00;charter - english-import.docx;docx;Translation;1;EMAILED;;NEW;;Vasek_translator;;543;EUR;0.05;27.15;VasekB;;;;
27542988;3;4ywgfelcSB3AjFEl_dc2;798911;en;de;4.1.2016 11:12;VasekB;;30.1.2016 9:00;charter - english-source.docx;docx;Translation;1;EMAILED;;NEW;;Vasek_translator;;125;EUR;0.05;VI.25;VasekB;;;;
27542990;5;aywgfelcSB3AjFEl_dc2;798911;en;de;4.1.2016 11:12;VasekB;;30.1.2016 9:00;charter - english-shortened.docx;docx;Translation;1;EMAILED;;NEW;;Vasek_translator;;104;EUR;0.05;5.II;VasekB;;;;
27542992;7;VhYmNshgob4EjFEl_dc2;798911;en;de;4.1.2016 11:12;VasekB;;30.1.2016 9:00;Pasted text.txt;txt;Translation;1;EMAILED;;NEW;;Vasek_translator;;4;EUR;0.05;0.2;VasekB;;;;
27543124;1;BX1JyVywMm8yGihH0_dc2;798925;en;de;4.1.2016 11:19;VasekB;;;Pasted text.txt;txt;Translation;1;NEW;;NEW;;Vasek_translator;;1;EUR;0.05;0.05;VasekB;;;;
27574816;1;ZDT9ntngobQ6FLEl_dc2;801082;en;de;5.1.2016 16:02;VasekB;;7.1.2016 5:00;charter - english-shortened.docx;docx;Translation;1;EMAILED;;NEW;;Vasek_translator;;104;EUR;0.05;5.II;VasekB;;;;
27574818;3;RkvGacncSBP6FLEl_dc2;801082;en;de;5.1.2016 16:02;VasekB;;7.1.2016 5:00;charter - english-source.docx;docx;Translation;1;EMAILED;;NEW;;Vasek_translator;;125;EUR;0.05;VI.25;VasekB;;;;
27576052;1;nyPdzDjdcK2x3MEl_dc2;801213;en;de;5.1.2016 17:55;VasekB;;25.1.2016 23:00;charter - english-source.docx;docx;Translation;1;ASSIGNED;;NEW;;Vasek_translator;;125;EUR;0.05;VI.25;VasekB;;;;
27576058;4;wyPdzDjdcK2x3MEl_dc2;801213;en;de;5.1.2016 17:55;VasekB;;25.1.2016 23:00;charter - english-source-version 2.docx;docx;Translation;1;ASSIGNED;;NEW;;Vasek_translator;;125;EUR;0.05;VI.25;VasekB;;;;
27576096;1;vuRdzDjdcKOV5MEl_dc2;801224;en;de;5.1.2016 18:05;VasekB;;;charter - english-import.docx;docx;Translation;1;EMAILED;;NEW;;Vasek_translator;;543;EUR;0.05;27.15;VasekB;;;;
27576097;2;yuRdzDjdcKOV5MEl_dc2;801224;en;de;5.1.2016 18:05;VasekB;;;charter - english-shortened.docx;docx;Translation;1;EMAILED;;NEW;;Vasek_translator;;104;EUR;0.05;5.II;VasekB;;;;
27576098;3;zuRdzDjdcKOV5MEl_dc2;801224;en;de;5.1.2016 18:05;VasekB;;;charter - english-source.docx;docx;Translation;1;EMAILED;;NEW;;Vasek_translator;;125;EUR;0.05;VI.25;VasekB;;;;
27576129;4;UqxHacncSBjG7MEl_dc2;801224;en;de;5.1.2016 18:12;VasekB;;;Context Demo File.xlsx;xlsx;Translation;1;EMAILED;;NEW;;Vasek_translator;;40;EUR;0.05;2;VasekB;;;;
27576130;5;btxHacncSBPK7MEl_dc2;801224;en;de;5.1.2016 18:13;VasekB;;;Context Demo File.xlsx;xlsx;Translation;1;EMAILED;;NEW;;Vasek_translator;;31;EUR;0.05;I.55;VasekB;;;;
27815345;1;IFiLuIicSB3LreFl_dc2;808944;en;de;11.1.2016 12:10;VasekB;;20.1.2016 9:00;index.html;html;Translation;1;EMAILED;;NEW;;Vasek_translator;;528;EUR;0.05;26.IV;VasekB;;;;
27815352;4;EUzZyildcKOPreFl_dc2;808944;en;de;11.1.2016 12:10;VasekB;;20.1.2016 9:00;charter - english-shortened.docx;docx;Translation;1;EMAILED;;NEW;;Vasek_translator;;104;EUR;0.05;5.II;VasekB;;;;
27815362;7;C3jLuIicSBPSreFl_dc2;808944;en;de;11.1.2016 12:11;VasekB;;20.1.2016 9:00;Pasted text.txt;txt;Translation;1;EMAILED;;NEW;;Vasek_translator;;7;EUR;0.05;0.35;VasekB;;;;
27818706;1;QI5KRzmgob4AgfFl_dc2;809445;en;de;11.1.2016 15:56;VasekB;26.1.2016 23:00;26.1.2016 23:00;charter - english-import.docx;docx;Translation;1;EMAILED;;NEW;;Vasek_translator;;543;EUR;0.05;27.15;VasekB;;;;
27818707;2;TI5KRzmgob4AgfFl_dc2;809445;en;de;11.1.2016 15:56;VasekB;27.1.2016 23:00;26.1.2016 23:00;charter - english-shortened.docx;docx;Translation;1;ASSIGNED;;NEW;;Vasek_translator;;104;EUR;0.05;5.II;VasekB;;;;
27818708;3;UI5KRzmgob4AgfFl_dc2;809445;en;de;11.1.2016 15:56;VasekB;;26.1.2016 23:00;charter - english-source.docx;docx;Translation;1;EMAILED;;NEW;;Vasek_translator;;125;EUR;0.05;VI.25;VasekB;;;;
27879924;4.I;s3Z15BGqos5kiuiH0_dc2;809388;en;es;12.1.2016 9:23;VasekB;;;67187 c_add_users_individually.dita;dita;Translation;1;ASSIGNED;;NEW;;Vasek_translator;;46;EUR;0.05;2.III;VasekB;;;;
27879925;4.II;s3Z15BGqos5kiuiH0_dc2;809388;en;es;12.1.2016 9:23;VasekB;;;67187 c_add_users_individually.dita;dita;Translation;1;NEW;;NEW;;Vasek_translator;;45;EUR;0.05;II.25;VasekB;;;;
27879926;4.III;s3Z15BGqos5kiuiH0_dc2;809388;en;es;12.1.2016 9:23;VasekB;;;67187 c_add_users_individually.dita;dita;Translation;1;NEW;;NEW;;Vasek_translator;;41;EUR;0.05;2.V;VasekB;;;;
28012770;9;FXFbRzmgobQj9oFl_dc2;809388;en;de;13.1.2016 8:22;VasekB;;;Book1-new.xlsx;xlsx;Translation;1;ASSIGNED;;NEW;;Vasek_translator;;3;EUR;0.05;0.15;VasekB;;;;
28012930;1;icRbRzmgobk7coFl_dc2;828785;en;de;13.1.2016 8:34;VasekB;;;charter - english-import.docx;docx;Translation;1;ASSIGNED;;NEW;;Vasek_translator;;543;EUR;0.05;27.15;VasekB;;;;
28012932;3;HmNEyildcKi7coFl_dc2;828785;en;de;13.1.2016 8:34;VasekB;;;charter - english-shortened.docx;docx;Translation;1;EMAILED;;NEW;;Vasek_translator;;104;EUR;0.05;5.II;VasekB;;;;
28284992;1;oXwx6Amgob4QwZFl_dc2;843085;en;de;20.1.2016 10:26;VasekB;;;Pasted text.txt;txt;Translation;1;NEW;;NEW;;Vasek_translator;;1;EUR;0.05;0.05;VasekB;;;;
28325167;1;TP7JENjgob44L3Gl_dc2;845586;en;de;21.1.2016 14:45;VasekB;;28.1.2016 13:00;index.html;html;Translation;1;EMAILED;;NEW;;Vasek_translator;;528;EUR;0.05;26.IV;VasekB;;;;
28325169;3;DTKYy8mcSBj4L3Gl_dc2;845586;en;de;21.1.2016 14:45;VasekB;;28.1.2016 13:00;charter - english-import.docx;docx;Translation;1;EMAILED;;NEW;;Vasek_translator;;543;EUR;0.05;27.15;VasekB;;;;
28325171;5;kWKYy8mcSBz4L3Gl_dc2;845586;en;de;21.1.2016 14:45;VasekB;;28.1.2016 13:00;charter - english-source.docx;docx;Translation;1;EMAILED;;NEW;;Vasek_translator;;125;EUR;0.05;VI.25;VasekB;;;;
28325173;7;XWKYy8mcSBP4L3Gl_dc2;845586;en;de;21.1.2016 14:45;VasekB;;28.1.2016 13:00;charter - english-source-version 2.docx;docx;Translation;1;EMAILED;;NEW;;Vasek_translator;;125;EUR;0.05;VI.25;VasekB;;;;
28393621;3;n7Fay8mcSBPoH8Gl_dc2;847614;en;fr;22.1.2016 13:15;VasekB;;28.1.2016 14:00;index.html;html;Translation;1;EMAILED;;NEW;;Vasek_translator;;528;EUR;0;0;VasekB;;;;
28393970;6;ydmZ9PndcKirH8Gl_dc2;847614;en;fr;22.1.2016 13:15;VasekB;;28.1.2016 14:00;charter - english-source.docx;docx;Translation;1;EMAILED;;NEW;;Vasek_translator;;125;EUR;0;0;VasekB;;;;
28393980;9;Orc0hzDwMmEVmhkH0_dc2;847614;en;fr;22.1.2016 13:15;VasekB;;28.1.2016 14:00;charter - english-source-version 2.docx;docx;Translation;1;EMAILED;;NEW;;Vasek_translator;;125;EUR;0;0;VasekB;;;;
28424700;7;zOWey8mcSB3k79Gl_dc2;847869;en;de;22.1.2016 15:14;VasekB;;28.1.2016 23:00;charter - english-source.docx;docx;Translation;1;COMPLETED_BY_LINGUIST;;NEW;;Vasek_translator;;125;EUR;0.05;VI.25;VasekB;;;;
28424705;9;NOWey8mcSB3k79Gl_dc2;847869;en;de;22.1.2016 15:14;VasekB;;28.1.2016 23:00;charter - english-source-version 2.docx;docx;Translation;1;COMPLETED_BY_LINGUIST;;NEW;;Vasek_translator;;125;EUR;0.05;VI.25;VasekB;;;;
28430897;13;GOi39PndcK2Tc9Gl_dc2;847869;en;de;22.1.2016 15:38;VasekB;;28.1.2016 23:00;index.html;html;Translation;1;ASSIGNED;;NEW;;Vasek_translator;;528;EUR;0.05;26.IV;VasekB;;;;
